{
  "accuracy": 0.0003333333333333333,
  "cer": 0.8092453474474988,
  "wer": 0.9996666666666667,
  "total_samples": 3000
}